{
  "rows": [
    {
      "fixture": "example-1.jpg",
      "spdf": {
        "truth_words": 236,
        "engine_words": 232,
        "matches": 212,
        "precision": 0.9137931034482759,
        "recall": 0.8983050847457628,
        "f1": 0.9059829059829059,
        "mean_iou": 0.9756656184486359,
        "median_iou": 0.9999999999999971,
        "mean_centroid_err_pt": 4.495218783697737,
        "iou_ge_threshold_rate": 0.9764150943396226,
        "iou_threshold": 0.5
      },
      "lite": {
        "truth_words": 236,
        "engine_words": 147,
        "matches": 109,
        "precision": 0.7414965986394558,
        "recall": 0.461864406779661,
        "f1": 0.5691906005221933,
        "mean_iou": 0.6666904419476668,
        "median_iou": 0.844155844155832,
        "mean_centroid_err_pt": 28.02656297032551,
        "iou_ge_threshold_rate": 0.6788990825688074,
        "iou_threshold": 0.5
      }
    },
    {
      "fixture": "test-ocr.pdf",
      "spdf": {
        "truth_words": 10,
        "engine_words": 6,
        "matches": 5,
        "precision": 0.8333333333333334,
        "recall": 0.5,
        "f1": 0.625,
        "mean_iou": 0.9521992053038771,
        "median_iou": 0.9529837251356238,
        "mean_centroid_err_pt": 0.6439875775199371,
        "iou_ge_threshold_rate": 1.0,
        "iou_threshold": 0.5
      },
      "lite": {
        "truth_words": 10,
        "engine_words": 6,
        "matches": 4,
        "precision": 0.6666666666666666,
        "recall": 0.4,
        "f1": 0.5,
        "mean_iou": 0.9570249418400276,
        "median_iou": 0.9569494412141415,
        "mean_centroid_err_pt": 0.5366563145999508,
        "iou_ge_threshold_rate": 1.0,
        "iou_threshold": 0.5
      },
      "spdf_vs_pdftotext": {
        "truth_words": 5,
        "engine_words": 6,
        "matches": 3,
        "precision": 0.5,
        "recall": 0.6,
        "f1": 0.5454545454545454,
        "mean_iou": 0.0,
        "median_iou": 0.0,
        "mean_centroid_err_pt": 337.2645149500876,
        "iou_ge_threshold_rate": 0.0,
        "iou_threshold": 0.5
      },
      "lite_vs_pdftotext": {
        "truth_words": 5,
        "engine_words": 6,
        "matches": 3,
        "precision": 0.5,
        "recall": 0.6,
        "f1": 0.5454545454545454,
        "mean_iou": 0.0,
        "median_iou": 0.0,
        "mean_centroid_err_pt": 337.2645149500876,
        "iou_ge_threshold_rate": 0.0,
        "iou_threshold": 0.5
      }
    },
    {
      "fixture": "irs-f1040.pdf",
      "spdf": {
        "truth_words": 710,
        "engine_words": 773,
        "matches": 115,
        "precision": 0.14877102199223805,
        "recall": 0.1619718309859155,
        "f1": 0.15509103169251517,
        "mean_iou": 0.47590238466663315,
        "median_iou": 0.7935865899497584,
        "mean_centroid_err_pt": 97.89796801516867,
        "iou_ge_threshold_rate": 0.5565217391304348,
        "iou_threshold": 0.5
      },
      "lite": {
        "truth_words": 710,
        "engine_words": 281,
        "matches": 84,
        "precision": 0.298932384341637,
        "recall": 0.11830985915492957,
        "f1": 0.1695257315842583,
        "mean_iou": 0.3514068762607198,
        "median_iou": 0.5524688687039141,
        "mean_centroid_err_pt": 135.73296957764342,
        "iou_ge_threshold_rate": 0.5238095238095238,
        "iou_threshold": 0.5
      },
      "spdf_vs_pdftotext": {
        "truth_words": 845,
        "engine_words": 773,
        "matches": 177,
        "precision": 0.22897800776196636,
        "recall": 0.20946745562130178,
        "f1": 0.21878862793572312,
        "mean_iou": 0.39724887896865363,
        "median_iou": 0.553281910062387,
        "mean_centroid_err_pt": 80.48990755038538,
        "iou_ge_threshold_rate": 0.5988700564971752,
        "iou_threshold": 0.5
      },
      "lite_vs_pdftotext": {
        "truth_words": 845,
        "engine_words": 281,
        "matches": 146,
        "precision": 0.5195729537366548,
        "recall": 0.1727810650887574,
        "f1": 0.25932504440497334,
        "mean_iou": 0.5214845202719306,
        "median_iou": 0.7841845140033008,
        "mean_centroid_err_pt": 87.43655201339065,
        "iou_ge_threshold_rate": 0.6575342465753424,
        "iou_threshold": 0.5
      }
    },
    {
      "fixture": "irs-fw9-p1-2.pdf",
      "spdf": {
        "truth_words": 895,
        "engine_words": 133,
        "matches": 29,
        "precision": 0.21804511278195488,
        "recall": 0.03240223463687151,
        "f1": 0.05642023346303502,
        "mean_iou": 0.5169792691581121,
        "median_iou": 0.8174459642570009,
        "mean_centroid_err_pt": 169.2109451074944,
        "iou_ge_threshold_rate": 0.5862068965517241,
        "iou_threshold": 0.5
      },
      "lite": {
        "truth_words": 895,
        "engine_words": 133,
        "matches": 28,
        "precision": 0.21052631578947367,
        "recall": 0.03128491620111732,
        "f1": 0.05447470817120623,
        "mean_iou": 0.3480091281196923,
        "median_iou": 0.546699019982684,
        "mean_centroid_err_pt": 175.60618410997077,
        "iou_ge_threshold_rate": 0.5357142857142857,
        "iou_threshold": 0.5
      },
      "spdf_vs_pdftotext": {
        "truth_words": 914,
        "engine_words": 133,
        "matches": 30,
        "precision": 0.22556390977443608,
        "recall": 0.03282275711159737,
        "f1": 0.05730659025787965,
        "mean_iou": 0.5654535768012138,
        "median_iou": 0.7242958415531873,
        "mean_centroid_err_pt": 98.23794144541762,
        "iou_ge_threshold_rate": 0.7,
        "iou_threshold": 0.5
      },
      "lite_vs_pdftotext": {
        "truth_words": 914,
        "engine_words": 133,
        "matches": 28,
        "precision": 0.21052631578947367,
        "recall": 0.030634573304157548,
        "f1": 0.05348615090735434,
        "mean_iou": 0.4381269423437724,
        "median_iou": 0.6074053856630348,
        "mean_centroid_err_pt": 105.8305044881477,
        "iou_ge_threshold_rate": 0.7142857142857143,
        "iou_threshold": 0.5
      }
    },
    {
      "fixture": "nist-sp-800-53r5-p1-2.pdf",
      "spdf": {
        "truth_words": 38,
        "engine_words": 14,
        "matches": 3,
        "precision": 0.21428571428571427,
        "recall": 0.07894736842105263,
        "f1": 0.11538461538461539,
        "mean_iou": 0.9637909983903986,
        "median_iou": 0.9628937643435436,
        "mean_centroid_err_pt": 0.3491192099710136,
        "iou_ge_threshold_rate": 1.0,
        "iou_threshold": 0.5
      },
      "lite": {
        "truth_words": 38,
        "engine_words": 7,
        "matches": 1,
        "precision": 0.14285714285714285,
        "recall": 0.02631578947368421,
        "f1": 0.044444444444444446,
        "mean_iou": 0.6340312077872252,
        "median_iou": 0.6340312077872252,
        "mean_centroid_err_pt": 2.008985059002308,
        "iou_ge_threshold_rate": 1.0,
        "iou_threshold": 0.5
      },
      "spdf_vs_pdftotext": {
        "truth_words": 27,
        "engine_words": 14,
        "matches": 3,
        "precision": 0.21428571428571427,
        "recall": 0.1111111111111111,
        "f1": 0.14634146341463417,
        "mean_iou": 0.8337855097060877,
        "median_iou": 0.785891338968461,
        "mean_centroid_err_pt": 1.6294055251456434,
        "iou_ge_threshold_rate": 1.0,
        "iou_threshold": 0.5
      },
      "lite_vs_pdftotext": {
        "truth_words": 27,
        "engine_words": 7,
        "matches": 1,
        "precision": 0.14285714285714285,
        "recall": 0.037037037037037035,
        "f1": 0.058823529411764705,
        "mean_iou": 0.6086587429602516,
        "median_iou": 0.6086587429602516,
        "mean_centroid_err_pt": 2.309609999999967,
        "iou_ge_threshold_rate": 1.0,
        "iou_threshold": 0.5
      }
    },
    {
      "fixture": "nist-sp-800-63b-p1-2.pdf",
      "spdf": {
        "truth_words": 154,
        "engine_words": 72,
        "matches": 14,