{
  "rows": [
    {
      "fixture": "example-1.jpg",
      "spdf": {
        "truth_words": 236,
        "engine_words": 232,
        "matches": 212,
        "precision": 0.9137931034482759,
        "recall": 0.8983050847457628,
        "f1": 0.9059829059829059,
        "mean_iou": 0.9756656184486359,
        "median_iou": 0.9999999999999971,
        "mean_centroid_err_pt": 4.495218783697737,
        "iou_ge_threshold_rate": 0.9764150943396226,
        "iou_threshold": 0.5
      }
    },
    {
      "fixture": "test-ocr.pdf",
      "spdf": {
        "truth_words": 10,
        "engine_words": 6,
        "matches": 5,
        "precision": 0.8333333333333334,
        "recall": 0.5,
        "f1": 0.625,
        "mean_iou": 0.9521992053038771,
        "median_iou": 0.9529837251356238,
        "mean_centroid_err_pt": 0.6439875775199371,
        "iou_ge_threshold_rate": 1.0,
        "iou_threshold": 0.5
      },
      "spdf_vs_pdftotext": {
        "truth_words": 5,
        "engine_words": 6,
        "matches": 3,
        "precision": 0.5,
        "recall": 0.6,
        "f1": 0.5454545454545454,
        "mean_iou": 0.0,
        "median_iou": 0.0,
        "mean_centroid_err_pt": 337.2645149500876,
        "iou_ge_threshold_rate": 0.0,
        "iou_threshold": 0.5
      }
    },
    {
      "fixture": "irs-f1040.pdf",
      "spdf": {
        "truth_words": 710,
        "engine_words": 773,
        "matches": 115,
        "precision": 0.14877102199223805,
        "recall": 0.1619718309859155,
        "f1": 0.15509103169251517,
        "mean_iou": 0.47590238466663315,
        "median_iou": 0.7935865899497584,
        "mean_centroid_err_pt": 97.89796801516867,
        "iou_ge_threshold_rate": 0.5565217391304348,
        "iou_threshold": 0.5
      },
      "spdf_vs_pdftotext": {
        "truth_words": 845,
        "engine_words": 773,
        "matches": 177,
        "precision": 0.22897800776196636,
        "recall": 0.20946745562130178,
        "f1": 0.21878862793572312,
        "mean_iou": 0.39724887896865363,
        "median_iou": 0.553281910062387,
        "mean_centroid_err_pt": 80.48990755038538,
        "iou_ge_threshold_rate": 0.5988700564971752,
        "iou_threshold": 0.5
      }
    },
    {
      "fixture": "irs-fw9-p1-2.pdf",
      "spdf": {
        "truth_words": 895,
        "engine_words": 133,
        "matches": 29,
        "precision": 0.21804511278195488,
        "recall": 0.03240223463687151,
        "f1": 0.05642023346303502,
        "mean_iou": 0.5169792691581121,
        "median_iou": 0.8174459642570009,
        "mean_centroid_err_pt": 169.2109451074944,
        "iou_ge_threshold_rate": 0.5862068965517241,
        "iou_threshold": 0.5
      },
      "spdf_vs_pdftotext": {
        "truth_words": 914,
        "engine_words": 133,
        "matches": 29,
        "precision": 0.21804511278195488,
        "recall": 0.03172866520787746,
        "f1": 0.055396370582617,
        "mean_iou": 0.5565871260823401,
        "median_iou": 0.7235841880795287,
        "mean_centroid_err_pt": 101.50222173189373,
        "iou_ge_threshold_rate": 0.6896551724137931,
        "iou_threshold": 0.5
      }
    },
    {
      "fixture": "nist-sp-800-53r5-p1-2.pdf",
      "spdf": {
        "truth_words": 38,
        "engine_words": 14,
        "matches": 3,
        "precision": 0.21428571428571427,
        "recall": 0.07894736842105263,
        "f1": 0.11538461538461539,
        "mean_iou": 0.9637909983903986,
        "median_iou": 0.9628937643435436,
        "mean_centroid_err_pt": 0.3491192099710136,
        "iou_ge_threshold_rate": 1.0,
        "iou_threshold": 0.5
      },
      "spdf_vs_pdftotext": {
        "truth_words": 27,
        "engine_words": 14,
        "matches": 3,
        "precision": 0.21428571428571427,
        "recall": 0.1111111111111111,
        "f1": 0.14634146341463417,
        "mean_iou": 0.8337855097060877,
        "median_iou": 0.785891338968461,
        "mean_centroid_err_pt": 1.6294055251456434,
        "iou_ge_threshold_rate": 1.0,
        "iou_threshold": 0.5
      }
    },
    {
      "fixture": "nist-sp-800-63b-p1-2.pdf",
      "spdf": {
        "truth_words": 154,
        "engine_words": 72,
        "matches": 14,
        "precision": 0.19444444444444445,
        "recall": 0.09090909090909091,
        "f1": 0.12389380530973451,
        "mean_iou": 0.6783220876991745,
        "median_iou": 0.8513270268308099,
        "mean_centroid_err_pt": 84.1167367348478,
        "iou_ge_threshold_rate": 0.7857142857142857,
        "iou_threshold": 0.5
      },
      "spdf_vs_pdftotext": {
        "truth_words": 144,
        "engine_words": 72,
        "matches": 14,
        "precision": 0.19444444444444445,
        "recall": 0.09722222222222222,
        "f1": 0.12962962962962962,
        "mean_iou": 0.6614584773069297,
        "median_iou": 0.7949886682209768,
        "mean_centroid_err_pt": 83.81833480714612,
        "iou_ge_threshold_rate": 0.7857142857142857,
        "iou_threshold": 0.5
      }
    },
    {
      "fixture": "rfc8446-p1-2.pdf",
      "spdf": {
        "truth_words": 181,
        "engine_words": 26,
        "matches": 1,
        "precision": 0.038461538461538464,
        "recall": 0.0055248618784530384,
        "f1": 0.00966183574879227,
        "mean_iou": 0.8687801066022451,
        "median_iou": 0.8687801066022451,
        "mean_centroid_err_pt": 0.44321489974716993,
        "iou_ge_threshold_rate": 1.0,
        "iou_threshold": 0.5
      },
      "spdf_vs_pdftotext": {
        "truth_words": 182,
        "engine_words": 26,
        "matches": 2,
        "precision": 0.07692307692307693,
        "recall": 0.01098901098901099,
        "f1": 0.019230769230769232,
        "mean_iou": 0.8464841995068282,
        "median_iou": 0.8464841995068282,
        "mean_centroid_err_pt": 5.477858162949489,
        "iou_ge_threshold_rate": 1.0,
        "iou_threshold": 0.5
      }
    },
    {
      "fixture": "rfc9110-p1-2.pdf",
      "spdf": {
        "truth_words": 3,
        "engine_words": 4,
        "matches": 0,
        "precision": 0.0,
        "recall": 0.0,
        "f1": 0.0,
        "mean_iou": 0.0,
        "median_iou": 0.0,
        "mean_centroid_err_pt": 0.0,
        "iou_ge_threshold_rate": 0.0,
        "iou_threshold": 0.5
      },
      "spdf_vs_pdftotext": {
        "truth_words": 4,
        "engine_words": 4,
        "matches": 0,
        "precision": 0.0,
        "recall": 0.0,
        "f1": 0.0,
        "mean_iou": 0.0,
        "median_iou": 0.0,
        "mean_centroid_err_pt": 0.0,
        "iou_ge_threshold_rate": 0.0,
        "iou_threshold": 0.5
      }
    }
  ]
}