{
  "rows": [
    {
      "fixture": "example-1.jpg",
      "spdf": {
        "truth_words": 236,
        "engine_words": 232,
        "matches": 212,
        "precision": 0.9137931034482759,
        "recall": 0.8983050847457628,
        "f1": 0.9059829059829059,
        "mean_iou": 0.9756656184486359,
        "median_iou": 0.9999999999999971,
        "mean_centroid_err_pt": 4.495218783697737,
        "iou_ge_threshold_rate": 0.9764150943396226,
        "iou_threshold": 0.5
      },
      "lite": {
        "truth_words": 236,
        "engine_words": 147,
        "matches": 109,
        "precision": 0.7414965986394558,
        "recall": 0.461864406779661,
        "f1": 0.5691906005221933,
        "mean_iou": 0.6666904419476668,
        "median_iou": 0.844155844155832,
        "mean_centroid_err_pt": 28.02656297032551,
        "iou_ge_threshold_rate": 0.6788990825688074,
        "iou_threshold": 0.5
      }
    },
    {
      "fixture": "test-ocr.pdf",
      "spdf": {
        "truth_words": 10,
        "engine_words": 6,
        "matches": 5,
        "precision": 0.8333333333333334,
        "recall": 0.5,
        "f1": 0.625,
        "mean_iou": 0.9521992053038771,
        "median_iou": 0.9529837251356238,
        "mean_centroid_err_pt": 0.6439875775199371,
        "iou_ge_threshold_rate": 1.0,
        "iou_threshold": 0.5
      },
      "lite": {
        "truth_words": 10,
        "engine_words": 6,
        "matches": 4,
        "precision": 0.6666666666666666,
        "recall": 0.4,
        "f1": 0.5,
        "mean_iou": 0.9570249418400276,
        "median_iou": 0.9569494412141415,
        "mean_centroid_err_pt": 0.5366563145999508,
        "iou_ge_threshold_rate": 1.0,
        "iou_threshold": 0.5
      }
    },
    {
      "fixture": "irs-f1040.pdf",
      "spdf": {
        "truth_words": 710,
        "engine_words": 773,
        "matches": 115,
        "precision": 0.14877102199223805,
        "recall": 0.1619718309859155,
        "f1": 0.15509103169251517,
        "mean_iou": 0.47590238466663315,
        "median_iou": 0.7935865899497584,
        "mean_centroid_err_pt": 97.89796801516867,
        "iou_ge_threshold_rate": 0.5565217391304348,
        "iou_threshold": 0.5
      },
      "lite": {
        "truth_words": 710,
        "engine_words": 281,
        "matches": 84,
        "precision": 0.298932384341637,
        "recall": 0.11830985915492957,
        "f1": 0.1695257315842583,
        "mean_iou": 0.3514068762607198,
        "median_iou": 0.5524688687039141,
        "mean_centroid_err_pt": 135.73296957764342,
        "iou_ge_threshold_rate": 0.5238095238095238,
        "iou_threshold": 0.5
      }
    },
    {
      "fixture": "irs-fw9-p1-2.pdf",
      "spdf": {
        "truth_words": 895,
        "engine_words": 133,
        "matches": 29,
        "precision": 0.21804511278195488,
        "recall": 0.03240223463687151,
        "f1": 0.05642023346303502,
        "mean_iou": 0.5169792691581121,
        "median_iou": 0.8174459642570009,
        "mean_centroid_err_pt": 169.2109451074944,
        "iou_ge_threshold_rate": 0.5862068965517241,
        "iou_threshold": 0.5
      },
      "lite": {
        "truth_words": 895,
        "engine_words": 133,
        "matches": 28,
        "precision": 0.21052631578947367,
        "recall": 0.03128491620111732,
        "f1": 0.05447470817120623,
        "mean_iou": 0.3480091281196923,
        "median_iou": 0.546699019982684,
        "mean_centroid_err_pt": 175.60618410997077,
        "iou_ge_threshold_rate": 0.5357142857142857,
        "iou_threshold": 0.5
      }
    },
    {
      "fixture": "nist-sp-800-53r5-p1-2.pdf",
      "spdf": {
        "truth_words": 38,
        "engine_words": 14,
        "matches": 3,
        "precision": 0.21428571428571427,
        "recall": 0.07894736842105263,
        "f1": 0.11538461538461539,
        "mean_iou": 0.9637909983903986,
        "median_iou": 0.9628937643435436,
        "mean_centroid_err_pt": 0.3491192099710136,
        "iou_ge_threshold_rate": 1.0,
        "iou_threshold": 0.5
      },
      "lite": {
        "truth_words": 38,
        "engine_words": 7,
        "matches": 1,
        "precision": 0.14285714285714285,
        "recall": 0.02631578947368421,
        "f1": 0.044444444444444446,
        "mean_iou": 0.6340312077872252,
        "median_iou": 0.6340312077872252,
        "mean_centroid_err_pt": 2.008985059002308,
        "iou_ge_threshold_rate": 1.0,
        "iou_threshold": 0.5
      }
    },
    {
      "fixture": "nist-sp-800-63b-p1-2.pdf",
      "spdf": {
        "truth_words": 154,
        "engine_words": 72,
        "matches": 14,
        "precision": 0.19444444444444445,
        "recall": 0.09090909090909091,
        "f1": 0.12389380530973451,
        "mean_iou": 0.6783220876991745,
        "median_iou": 0.8513270268308099,
        "mean_centroid_err_pt": 84.1167367348478,
        "iou_ge_threshold_rate": 0.7857142857142857,
        "iou_threshold": 0.5
      },
      "lite": {
        "truth_words": 154,
        "engine_words": 56,
        "matches": 20,
        "precision": 0.35714285714285715,
        "recall": 0.12987012987012986,
        "f1": 0.19047619047619047,
        "mean_iou": 0.4708585389888109,
        "median_iou": 0.6218148859039614,
        "mean_centroid_err_pt": 103.50359335970761,
        "iou_ge_threshold_rate": 0.65,
        "iou_threshold": 0.5
      }
    },
    {
      "fixture": "rfc8446-p1-2.pdf",
      "spdf": {
        "truth_words": 181,
        "engine_words": 26,
        "matches": 1,
        "precision": 0.038461538461538464,
        "recall": 0.0055248618784530384,
        "f1": 0.00966183574879227,
        "mean_iou": 0.8687801066022451,
        "median_iou": 0.8687801066022451,
        "mean_centroid_err_pt": 0.44321489974716993,
        "iou_ge_threshold_rate": 1.0,
        "iou_threshold": 0.5
      },
      "lite": {
        "truth_words": 181,
        "engine_words": 36,
        "matches": 4,
        "precision": 0.1111111111111111,
        "recall": 0.022099447513812154,
        "f1": 0.03686635944700461,
        "mean_iou": 0.4270673218839643,
        "median_iou": 0.5484408398320364,
        "mean_centroid_err_pt": 171.01734921548226,
        "iou_ge_threshold_rate": 0.5,
        "iou_threshold": 0.5
      }
    },
    {
      "fixture": "rfc9110-p1-2.pdf",
      "spdf": {
        "truth_words": 3,
        "engine_words": 4,
        "matches": 0,
        "precision": 0.0,
        "recall": 0.0,
        "f1": 0.0,
        "mean_iou": 0.0,
        "median_iou": 0.0,
        "mean_centroid_err_pt": 0.0,
        "iou_ge_threshold_rate": 0.0,
        "iou_threshold": 0.5
      },
      "lite": {
        "truth_words": 3,
        "engine_words": 4,
        "matches": 0,
        "precision": 0.0,
        "recall": 0.0,
        "f1": 0.0,
        "mean_iou": 0.0,
        "median_iou": 0.0,
        "mean_centroid_err_pt": 0.0,
        "iou_ge_threshold_rate": 0.0,
        "iou_threshold": 0.5
      }
    }
  ]
}