{
  "rows": [
    {
      "fixture": "example-1.jpg",
      "tess_words": 271,
      "spdf": {
        "ms": 1018,
        "tokens": 231,
        "precision": 0.9653679653679653,
        "recall": 0.8198529411764706,
        "f1": 0.8866799204771372
      },
      "lite": {
        "ms": 6346,
        "tokens": 146,
        "precision": 0.7876712328767124,
        "recall": 0.4227941176470588,
        "f1": 0.5502392344497608
      }
    },
    {
      "fixture": "test-ocr.pdf",
      "tess_words": 20,
      "spdf": {
        "ms": 252,
        "tokens": 20,
        "precision": 1.0,
        "recall": 1.0,
        "f1": 1.0
      },
      "lite": {
        "ms": 2860,
        "tokens": 20,
        "precision": 1.0,
        "recall": 1.0,
        "f1": 1.0
      }
    }
  ]
}